<?xml version="1.0" encoding="UTF-8"?>
<FolderMenu>
	<Menu>
		<Item Type="Item" Name="&amp;Recent" Path=":RecentMenu" Icon="" Size=""></Item>
		<Item Type="Separator" Name="- - - - -"></Item>
		<Item Type="Item" Name="Drive Menu" Path=":DriveMenu" Icon="" Size=""></Item>
		<Item Type="Item" Name="&amp;C:\" Path="C:\" Icon="" Size=""></Item>
		<Item Type="Item" Name="&amp;UserProfile" Path="%UserProfile%" Icon="" Size=""></Item>
		<Item Type="Item" Name="&amp;Program Files" Path="%ProgramFiles%" Icon="" Size=""></Item>
		<Item Type="Item" Name="&amp;Windows" Path="%WinDir%" Icon="" Size=""></Item>
		<Item Type="Item" Name="S&amp;ystem32" Path="%WinDir%\System32" Icon="" Size=""></Item>
		<Item Type="Separator" Name="- - - - -"></Item>
		<Item Type="Item" Name="&amp;Script Dir" Path=".\" Icon="" Size=""></Item>
		<Item Type="Separator" Name="- - - - -"></Item>
		<Item ID="14" Type="Menu" Name="Files" Icon="shell32.dll,1" Size="">
			<Item ID="15" Type="Menu" Name="Programs" Icon="shell32.dll,2" Size="">
				<Item Type="Item" Name="Notepad" Path="notepad.exe" Icon="" Size=""></Item>
				<Item Type="Item" Name="Internet Explorer" Path="%ProgramFiles%\Internet Explorer\iexplore.exe" Icon="" Size=""></Item>
				<Item Type="Item" Name="Windows Media Player" Path="%ProgramFiles%\Windows Media Player\wmplayer.exe" Icon="" Size=""></Item>
				<Item Type="Item" Name="Command Prompt" Path="cmd.exe" Icon="" Size=""></Item>
				<Item Type="Item" Name="Command Prompt Here" Path="cmd.exe /k cd /D %F_CurrentDir%" Icon="cmd.exe" Size=""></Item>
			</Item>
			<Item Type="Separator" Name="- - - - -"></Item>
			<Item Type="Item" Name="FolderMenu.xml" Path=".\FolderMenu.xml" Icon="" Size=""></Item>
		</Item>
		<Item ID="23" Type="Menu" Name="WebSites" Icon="%ProgramFiles%\Internet Explorer\iexplore.exe,1" Size="">
			<Item Type="Item" Name="Folder Menu" Path="https://github.com/Silvernine0S/FolderMenu3EX/" Icon="" Size=""></Item>
			<Item Type="Item" Name="SourceForge.net" Path="http://sourceforge.net/" Icon="" Size=""></Item>
			<Item Type="Item" Name="AutoIt 3" Path="http://www.autoitscript.com/autoit3/" Icon="" Size=""></Item>
		</Item>
		<Item ID="27" Type="Menu" Name="Registry" Icon="regedit.exe" Size="">
			<Item Type="Item" Name="HKCU Run" Path="HKEY_CURRENT_USER\Software\Microsoft\Windows\CurrentVersion\Run" Icon="" Size=""></Item>
			<Item Type="Item" Name="HKLM Run" Path="HKEY_LOCAL_MACHINE\SOFTWARE\Microsoft\Windows\CurrentVersion\Run" Icon="" Size=""></Item>
		</Item>
		<Item ID="30" Type="Menu" Name="Filters" Icon=".\FolderMenu.exe,-207" Size="">
			<Item Type="Item" Name="Toggle Hidden Files" Path="_ToggleHidden" Icon="" Size=""></Item>
			<Item Type="Item" Name="Toggle Hide File Extension" Path="_ToggleFileExt" Icon="" Size=""></Item>
			<Item Type="Separator" Name="- - - - -"></Item>
			<Item Type="Item" Name="All Files" Path="*.*" Icon="" Size=""></Item>
			<Item Type="Item" Name="Compressed" Path="*.rar;*.lzh;*.gz;*.cab;*.7z;*.zip" Icon="" Size=""></Item>
			<Item Type="Item" Name="Documents" Path="*.xlsx;*.xls;*.pptx;*.ppt;*.pdf;*.docx;*.djvu;*.doc" Icon="" Size=""></Item>
			<Item Type="Item" Name="Audios" Path="*.ape;*.flac;*.mpc;*.ogg;*.wma;*.mp3" Icon="" Size=""></Item>
			<Item Type="Item" Name="Images" Path="*.png;*.gif;*.jpeg;*.ico;*.bmp;*.jpg" Icon="" Size=""></Item>
			<Item Type="Item" Name="Videos" Path="*.avi;*.mkv;*.mp4;*.mpeg;*.ogm;*.wmv" Icon="" Size=""></Item>
			<Item Type="Item" Name="Text Files" Path="*.ini;*.inf;*.csv;*.txt" Icon="" Size=""></Item>
			<Item Type="Item" Name="Programming" Path="*.php;*.html;*.js;*.c;*.cpp;*.java;*.python;*.rb;*.m;*.r;*.htm" Icon="" Size=""></Item>
			<Item Type="Item" Name="Programs" Path="*.exe;*.com;*.cmd;*.bat" Icon="" Size=""></Item>
		</Item>
		<Item Type="Separator" Name="- - - - -"></Item>
		<Item Type="Item" Name="&amp;Folder Menu" Path=":ToolMenu" Icon="" Size=""></Item>
	</Menu>
	<Settings>
		<Applications>
			<Setting Name="ApplicationList">
				<Application Check="1" Type="M" Name="Explorer" Class="CabinetWClass,ExploreWClass" ClassNN="Edit1"></Application>
				<Application Check="1" Type="M" Name="Open/Save Dialog" Class="#32770" ClassNN="Edit1"></Application>
				<Application Check="1" Type="C" Name="Office Dialog" Class="bosa_sdm_" ClassNN="RichEdit20W2"></Application>
				<Application Check="1" Type="M" Name="Command" Class="ConsoleWindowClass" ClassNN="Edit1"></Application>
				<Application Check="1" Type="M" Name="Desktop" Class="Progman,WorkerW" ClassNN="Edit1"></Application>
				<Application Check="1" Type="M" Name="Taskbar" Class="Shell_TrayWnd" ClassNN="Edit1"></Application>
				<Application Check="1" Type="M" Name="TotalCommander" Class="TTOTAL_CMD" ClassNN="Edit1"></Application>
				<Application Check="1" Type="M" Name="UnrealCommander" Class="TxUNCOM" ClassNN="Edit1"></Application>
				<Application Check="1" Type="M" Name="FreeCommander" Class="TfcForm" ClassNN="Edit1"></Application>
				<Application Check="1" Type="M" Name="Emacs" Class="Emacs" ClassNN="Edit1"></Application>
				<Application Check="1" Type="C" Name="rxvt" Class="rxvt" ClassNN="Edit1"></Application>
			</Setting>
		</Applications>
		<Hotkeys>
			<Setting Name="HotkeyList">
				<Hotkey Key="4" Func="_ShowMainMenu1"></Hotkey>
				<Hotkey Key="2135" Func="_ShowMainMenu2"></Hotkey>
				<Hotkey Key="2122" Func="_OpenSel"></Hotkey>
				<Hotkey Key="2105" Func="_AddApp"></Hotkey>
			</Setting>
		</Hotkeys>
		<Icons>
			<Setting Name="NoMenuIcon" Value="0"></Setting>
			<Setting Name="GetFavIcon" Value="0"></Setting>
			<Setting Name="ShellIcon" Value="1"></Setting>
			<Setting Name="IconSizeG" Value="16"></Setting>
			<Setting Name="IconList">
				<Icon Ext="Unknown" Size="" Path="shell32.dll" Index="0"></Icon>
				<Icon Ext="Menu" Size="" Path=".\FolderMenu.exe" Index="0"></Icon>
				<Icon Ext="Folder" Size="" Path=".\FolderMenu.exe" Index="-208"></Icon>
				<Icon Ext="FolderS" Size="" Path=".\FolderMenu.exe" Index="0"></Icon>
				<Icon Ext="Drive" Size="" Path=".\FolderMenu.exe" Index="-209"></Icon>
				<Icon Ext="Computer" Size="" Path=".\FolderMenu.exe" Index="-210"></Icon>
				<Icon Ext="Share" Size="" Path=".\FolderMenu.exe" Index="-211"></Icon>
			</Setting>
		</Icons>
		<Menus>
			<Setting Name="MenuPositionX" Value="0"></Setting>
			<Setting Name="MenuPositionY" Value="0"></Setting>
			<Setting Name="MenuPosition" Value="0"></Setting>
			<Setting Name="TempShowFile" Value="0"></Setting>
			<Setting Name="TempShowFExt" Value="*"></Setting>
			<Setting Name="AltFolderIcon" Value="0"></Setting>
			<Setting Name="BrowseMode" Value="0"></Setting>
			<Setting Name="TempDriveType" Value="Fixed"></Setting>
			<Setting Name="HideExt" Value="0"></Setting>
			<Setting Name="HideLnk" Value="0"></Setting>
			<Setting Name="ItemWarn" Value="1"></Setting>
			<Setting Name="DriveType" Value="Fixed"></Setting>
			<Setting Name="DriveReload" Value="1"></Setting>
			<Setting Name="DriveFree" Value="1"></Setting>
			<Setting Name="TCPathExe" Value="C:\totalcmd\totalcmd.exe"></Setting>
			<Setting Name="TCPathIni" Value="C:\totalcmd\wincmd.ini"></Setting>
			<Setting Name="TCAsMain" Value="0"></Setting>
			<Setting Name="TCSubmenu" Value="1"></Setting>
			<Setting Name="SRecentSize" Value="16"></Setting>
			<Setting Name="SRecentDate" Value="0"></Setting>
			<Setting Name="SRecentIndex" Value="0"></Setting>
			<Setting Name="SRecentFolder" Value="0"></Setting>
			<Setting Name="SRecentFull" Value="1"></Setting>
			<Setting Name="RecentSize" Value="16"></Setting>
			<Setting Name="RecentDate" Value="0"></Setting>
			<Setting Name="RecentIndex" Value="0"></Setting>
			<Setting Name="RecentFolder" Value="0"></Setting>
			<Setting Name="RecentFull" Value="1"></Setting>
			<Setting Name="RecentList">
			</Setting>
		</Menus>
		<Others>
			<Setting Name="Language" Value=""></Setting>
			<Setting Name="StartWithWin" Value="0"></Setting>
			<Setting Name="NoTray" Value="0"></Setting>
			<Setting Name="AddFavAtTop" Value="0"></Setting>
			<Setting Name="AddFavCheck" Value="0"></Setting>
			<Setting Name="AddFavSkipGui" Value="0"></Setting>
			<Setting Name="AddFavApp" Value="1"></Setting>
			<Setting Name="AddFavAppCmd" Value="0"></Setting>
			<Setting Name="AddFavLnk" Value="1"></Setting>
			<Setting Name="FileManager" Value=""></Setting>
			<Setting Name="Browser" Value=""></Setting>
			<Setting Name="SearchSel" Value="0"></Setting>
			<Setting Name="SearchSelUrl" Value="http://www.google.com/search?q=%s"></Setting>
			<Setting Name="LoadingTip" Value="1"></Setting>
			<Setting Name="LoadingTipFor" Value="11"></Setting>
			<Setting Name="CheckVersion" Value="1"></Setting>
			<Setting Name="CurrentVer" Value="3.1.2.2 EX 1.0.0"></Setting>
		</Others>
		<GUI>
			<Setting Name="OptionsPosX" Value=""></Setting>
			<Setting Name="OptionsPosY" Value=""></Setting>
			<Setting Name="OptionsPosW" Value=""></Setting>
			<Setting Name="OptionsPosH" Value=""></Setting>
			<Setting Name="OptionsPosM" Value=""></Setting>
		</GUI>
	</Settings>
</FolderMenu>
